{
  "Study Hours (per day)": 4.527500000000001,
  "Attendance (%)": 77.9875,
  "Midterm Scaled (0-20)": 13.61,
  "Best Quiz (0-20)": 9.965,
  "Lab + Viva (0-10)": 3.7049999999999996,
  "Project (0-10)": 4.084999999999999
}