{
  "Study Hours (per day)": 4.965000000000001,
  "Attendance (%)": 76.35,
  "Midterm Scaled (0-20)": 14.530000000000001,
  "Best Quiz (0-20)": 11.1,
  "Lab + Viva (0-10)": 3.6325000000000003,
  "Project (0-10)": 4.2924999999999995
}