{
  "Study Hours (per day)": 4.602500000000001,
  "Attendance (%)": 74.14750000000001,
  "Midterm Scaled (0-20)": 13.810000000000002,
  "Best Quiz (0-20)": 10.2225,
  "Lab + Viva (0-10)": 3.8125,
  "Project (0-10)": 4.527500000000001
}